<?xml version="1.0" encoding="utf-8"?>
<LinearLayout xmlns:android="http://schemas.android.com/apk/res/android"
	android:orientation="vertical" android:layout_width="fill_parent"
	android:layout_height="fill_parent">
<!-- NAME CONTAINER -->
	<LinearLayout xmlns:android="http://schemas.android.com/apk/res/android"
		android:orientation="horizontal" android:layout_width="fill_parent"
		android:layout_height="wrap_content">
		<TextView android:layout_width="wrap_content"
			android:layout_height="wrap_content" android:text="Name:" />
		<TextView android:layout_width="wrap_content"
			android:layout_height="wrap_content" android:text="John Doe" />
	</LinearLayout>
<!-- ADDRESS CONTAINER -->
	<LinearLayout xmlns:android="http://schemas.android.com/apk/res/android"
		android:orientation="vertical" android:layout_width="fill_parent"
		android:layout_height="wrap_content">
		<TextView android:layout_width="fill_parent"
			android:layout_height="wrap_content" android:text="Address:" />
		<TextView android:layout_width="fill_parent"
			android:layout_height="wrap_content" android:text="911 Hollywood Blvd." />
	</LinearLayout>
</LinearLayout>