<TableLayout xmlns:android="http://schemas.android.com/apk/res/android"
	android:layout_width="fill_parent" android:layout_height="fill_parent">
	<TableRow>
		<TextView android:layout_width="wrap_content"
			android:layout_height="wrap_content" android:text="First Name:" />
		<EditText android:layout_width="wrap_content"
			android:layout_height="wrap_content" android:text="Barak" />
	</TableRow>
	<TableRow>
		<TextView android:layout_width="wrap_content"
			android:layout_height="wrap_content" android:text="Last Name:" />
		<EditText android:layout_width="wrap_content"
			android:layout_height="wrap_content" android:text="Obama" />
	</TableRow>
</TableLayout>