<?xml version="1.0" encoding="utf-8"?>
<LinearLayout xmlns:android="http://schemas.android.com/apk/res/android"
	android:orientation="vertical" android:layout_width="fill_parent"
	android:layout_height="fill_parent">
	<LinearLayout xmlns:android="http://schemas.android.com/apk/res/android"
		android:orientation="horizontal" android:layout_width="fill_parent"
		android:layout_height="wrap_content">
		<TextView android:layout_width="wrap_content"
			android:layout_height="wrap_content" android:text="Destination Address:" />
		<EditText android:id="@+id/addrEditText"
			android:layout_width="wrap_content" android:layout_height="wrap_content"
			android:text="9045551212" />
	</LinearLayout>
	<LinearLayout xmlns:android="http://schemas.android.com/apk/res/android"
		android:orientation="horizontal" android:layout_width="fill_parent"
		android:layout_height="wrap_content">
		<TextView android:layout_width="wrap_content"
			android:layout_height="wrap_content" android:text="Text Message:" />
		<EditText android:id="@+id/msgEditText" android:layout_width="wrap_content"
			android:layout_height="wrap_content" android:text="hello sms" />
	</LinearLayout>
	<Button android:id="@+id/sendSmsBtn" android:layout_width="fill_parent"
		android:layout_height="wrap_content" android:text="Send Text Message" />
</LinearLayout>